seed,metric,order,remove_ratio,L2,improvement_pct,mean_failure
1,Residual,asc,0.0,0.3816958548297683,0.0,2.1508272849791905
1,Residual,asc,0.05,0.3859637309531783,-1.118135308363102,2.1508272849791905
1,Residual,asc,0.1,0.388889812600105,-1.8847356289853159,2.1508272849791905
1,Residual,asc,0.15000000000000002,0.3917776053949829,-2.6413047031152423,2.1508272849791905
1,Residual,asc,0.2,0.39679081510891784,-3.954708988359775,2.1508272849791905
1,Residual,asc,0.25,0.400825844586782,-5.011841107246352,2.1508272849791905
1,Residual,asc,0.30000000000000004,0.40570021061856465,-6.288869916992415,2.1508272849791905
1,Residual,asc,0.35000000000000003,0.4125599947166238,-8.086055820705866,2.1508272849791905
1,Residual,asc,0.4,0.41879353226442895,-9.719172206155015,2.1508272849791905
1,Residual,asc,0.45,0.42633957817290913,-11.696150947997948,2.1508272849791905
1,Residual,asc,0.5,0.4343061941353294,-13.783314290647628,2.1508272849791905
1,Residual,asc,0.55,0.44192191266773306,-15.77854647251143,2.1508272849791905
1,Residual,asc,0.6000000000000001,0.4542700967736214,-19.013631147820643,2.1508272849791905
1,Residual,asc,0.65,0.4670589410379155,-22.36416380424621,2.1508272849791905
1,Residual,asc,0.7000000000000001,0.4889406964656582,-28.09693641648788,2.1508272849791905
1,Residual,asc,0.75,0.5160702988504574,-35.20458561977794,2.1508272849791905
1,Residual,asc,0.8,0.5454604973897949,-42.904485466069204,2.1508272849791905
1,Residual,asc,0.8500000000000001,0.5877549538849838,-53.98515505155677,2.1508272849791905
1,Residual,asc,0.9,0.675772137411396,-77.04466235631038,2.1508272849791905
1,Residual,asc,0.9500000000000001,0.9016940631858265,-136.23365351661232,2.1508272849791905
1,Failure,asc,0.0,0.38169585482976826,0.0,2.1508272849791905
1,Failure,asc,0.05,0.3827816234837333,-0.2844591158710056,2.1508272849791905
1,Failure,asc,0.1,0.38490012590774375,-0.8394828074317344,2.1508272849791905
1,Failure,asc,0.15000000000000002,0.3873872037375834,-1.4910690896429606,2.1508272849791905
1,Failure,asc,0.2,0.39010175721980483,-2.202251421825241,2.1508272849791905
1,Failure,asc,0.25,0.39290876915707584,-2.9376568242556402,2.1508272849791905
1,Failure,asc,0.30000000000000004,0.396195135848663,-3.7986477546006503,2.1508272849791905
1,Failure,asc,0.35000000000000003,0.3999109262966912,-4.772142855742217,2.1508272849791905
1,Failure,asc,0.4,0.405245396727882,-6.1697138179864615,2.1508272849791905
1,Failure,asc,0.45,0.4118274190929184,-7.8941292869393305,2.1508272849791905
1,Failure,asc,0.5,0.4183059777686548,-9.59143843865274,2.1508272849791905
1,Failure,asc,0.55,0.42900464078500855,-12.394367231559128,2.1508272849791905
1,Failure,asc,0.6000000000000001,0.4428620880500936,-16.024861796732043,2.1508272849791905
1,Failure,asc,0.65,0.4639418242274257,-21.547514429869338,2.1508272849791905
1,Failure,asc,0.7000000000000001,0.4928186551798353,-29.112917770518226,2.1508272849791905
1,Failure,asc,0.75,0.5278055829301153,-38.27909741527326,2.1508272849791905
1,Failure,asc,0.8,0.5714954628420644,-49.72535216473454,2.1508272849791905
1,Failure,asc,0.8500000000000001,0.63339817590198,-65.94316335566913,2.1508272849791905
1,Failure,asc,0.9,0.732245870040754,-91.84014203332829,2.1508272849791905
1,Failure,asc,0.9500000000000001,0.9503400439945092,-148.9783506866611,2.1508272849791905
1,Residual,desc,0.0,0.3816958548297684,0.0,2.1508272849791905
1,Residual,desc,0.05,0.3035196371440941,20.481285478077815,2.1508272849791905
1,Residual,desc,0.1,0.28844987570814834,24.42939265431809,2.1508272849791905
1,Residual,desc,0.15000000000000002,0.2813953844126743,26.277589643153675,2.1508272849791905
1,Residual,desc,0.2,0.2722876839213236,28.663704235729654,2.1508272849791905
1,Residual,desc,0.25,0.26825448444182964,29.72035691572606,2.1508272849791905
1,Residual,desc,0.30000000000000004,0.269162466903592,29.48247577285451,2.1508272849791905
1,Residual,desc,0.35000000000000003,0.2720717107628513,28.720286762298773,2.1508272849791905
1,Residual,desc,0.4,0.2672704403118803,29.978165356005874,2.1508272849791905
1,Residual,desc,0.45,0.26778258234006874,29.84398993290183,2.1508272849791905
1,Residual,desc,0.5,0.2619370911841278,31.375442549422385,2.1508272849791905
1,Residual,desc,0.55,0.26108502245285925,31.598674926847213,2.1508272849791905
1,Residual,desc,0.6000000000000001,0.2628969588953875,31.123968057594897,2.1508272849791905
1,Residual,desc,0.65,0.2648438319453167,30.61390932227081,2.1508272849791905
1,Residual,desc,0.7000000000000001,0.27177072328228014,28.79914208041728,2.1508272849791905
1,Residual,desc,0.75,0.27401765747881823,28.21047071600327,2.1508272849791905
1,Residual,desc,0.8,0.27127382500735175,28.92932381245364,2.1508272849791905
1,Residual,desc,0.8500000000000001,0.27923652562050183,26.843186247061073,2.1508272849791905
1,Residual,desc,0.9,0.26490769848951423,30.597177009517235,2.1508272849791905
1,Residual,desc,0.9500000000000001,0.23273867744663476,39.025096945201746,2.1508272849791905
1,Failure,desc,0.0,0.38169585482976826,0.0,2.1508272849791905
1,Failure,desc,0.05,0.24026934789013724,37.052146401407875,2.1508272849791905
1,Failure,desc,0.1,0.20282213087393505,46.86289402739485,2.1508272849791905
1,Failure,desc,0.15000000000000002,0.17253785915339245,54.79703094225577,2.1508272849791905
1,Failure,desc,0.2,0.1470458331728566,61.475653635684026,2.1508272849791905
1,Failure,desc,0.25,0.12244820055071594,67.91995537773751,2.1508272849791905
1,Failure,desc,0.30000000000000004,0.10132550652322818,73.45386248210158,2.1508272849791905
1,Failure,desc,0.35000000000000003,0.09089593531233461,76.1862922632804,2.1508272849791905
1,Failure,desc,0.4,0.08280855347666545,78.30509489981308,2.1508272849791905
1,Failure,desc,0.45,0.07054933515889046,81.51687154413699,2.1508272849791905
1,Failure,desc,0.5,0.05903414076636497,84.53372232907965,2.1508272849791905
1,Failure,desc,0.55,0.04955696838974846,87.01663437978641,2.1508272849791905
1,Failure,desc,0.6000000000000001,0.04164535670721249,89.08938722277038,2.1508272849791905
1,Failure,desc,0.65,0.03571175072098862,90.64392492894228,2.1508272849791905
1,Failure,desc,0.7000000000000001,0.029857614008859105,92.17764258347128,2.1508272849791905
1,Failure,desc,0.75,0.027961630692327127,92.67436878380624,2.1508272849791905
1,Failure,desc,0.8,0.02712144800675704,92.89448715159538,2.1508272849791905
1,Failure,desc,0.8500000000000001,0.026141809319334013,93.15114141572406,2.1508272849791905
1,Failure,desc,0.9,0.025379046470659538,93.35097666125343,2.1508272849791905
1,Failure,desc,0.9500000000000001,0.024828974049035772,93.49508941874436,2.1508272849791905
12,Residual,asc,0.0,0.25749094930774363,0.0,2.141778756886523
12,Residual,asc,0.05,0.2604938630748741,-1.1662210944515548,2.141778756886523
12,Residual,asc,0.1,0.2637231893284659,-2.420372458712603,2.141778756886523
12,Residual,asc,0.15000000000000002,0.26734192255340594,-3.8257551467911175,2.141778756886523
12,Residual,asc,0.2,0.27107929647443774,-5.277213511086875,2.141778756886523
12,Residual,asc,0.25,0.2748423631151722,-6.738649981320618,2.141778756886523
12,Residual,asc,0.30000000000000004,0.27912729670855746,-8.402760352929867,2.141778756886523
12,Residual,asc,0.35000000000000003,0.2837735434237791,-10.207191432046596,2.141778756886523
12,Residual,asc,0.4,0.28880022631330343,-12.159369907848728,2.141778756886523
12,Residual,asc,0.45,0.2945196624990819,-14.380588246262171,2.141778756886523
12,Residual,asc,0.5,0.3001837351472919,-16.580305426006813,2.141778756886523
12,Residual,asc,0.55,0.30728631978984244,-19.33868767658518,2.141778756886523
12,Residual,asc,0.6000000000000001,0.3139690162309299,-21.934000816349375,2.141778756886523
12,Residual,asc,0.65,0.323263649258897,-25.543693915448763,2.141778756886523
12,Residual,asc,0.7000000000000001,0.3336099718007756,-29.561824482637387,2.141778756886523
12,Residual,asc,0.75,0.344403045592689,-33.7534567792017,2.141778756886523
12,Residual,asc,0.8,0.3605346257678736,-40.01836831048224,2.141778756886523
12,Residual,asc,0.8500000000000001,0.3795950211825397,-47.42072379750396,2.141778756886523
12,Residual,asc,0.9,0.4127904542694846,-60.31260725056893,2.141778756886523
12,Residual,asc,0.9500000000000001,0.4815487570443043,-87.01579932767854,2.141778756886523
12,Failure,asc,0.0,0.25749094930774363,0.0,2.141778756886523
12,Failure,asc,0.05,0.25762761650069566,-0.05307650358952341,2.141778756886523
12,Failure,asc,0.1,0.25875083698909734,-0.4892939673184162,2.141778756886523
12,Failure,asc,0.15000000000000002,0.2604344862711878,-1.1431613310517472,2.141778756886523
12,Failure,asc,0.2,0.26324896411941295,-2.236200855660971,2.141778756886523
12,Failure,asc,0.25,0.2665197967526888,-3.506471768898642,2.141778756886523
12,Failure,asc,0.30000000000000004,0.26971827117539077,-4.748641418473118,2.141778756886523
12,Failure,asc,0.35000000000000003,0.27395655623434023,-6.394635217612063,2.141778756886523
12,Failure,asc,0.4,0.2791611402290796,-8.415903929670389,2.141778756886523
12,Failure,asc,0.45,0.2845630387214662,-10.51380232451084,2.141778756886523
12,Failure,asc,0.5,0.29101603566845474,-13.019908641776443,2.141778756886523
12,Failure,asc,0.55,0.29862004298476935,-15.973024988878251,2.141778756886523
12,Failure,asc,0.6000000000000001,0.3070693490757547,-19.254424243376736,2.141778756886523
12,Failure,asc,0.65,0.317022000079125,-23.119667285948786,2.141778756886523
12,Failure,asc,0.7000000000000001,0.32680647167083104,-26.919595639939974,2.141778756886523
12,Failure,asc,0.75,0.3360758387869159,-30.519476389537285,2.141778756886523
12,Failure,asc,0.8,0.34771943884511874,-35.04142175868767,2.141778756886523
12,Failure,asc,0.8500000000000001,0.3713752198934622,-44.228455754228605,2.141778756886523
12,Failure,asc,0.9,0.39619398218943125,-53.86714882778847,2.141778756886523
12,Failure,asc,0.9500000000000001,0.45188705803013707,-75.49628802294656,2.141778756886523
12,Residual,desc,0.0,0.25749094930774363,0.0,2.141778756886523
12,Residual,desc,0.05,0.22136193837877396,14.031177028202887,2.141778756886523
12,Residual,desc,0.1,0.20477323647991652,20.473617798822456,2.141778756886523
12,Residual,desc,0.15000000000000002,0.18981429537794023,26.28311950837494,2.141778756886523
12,Residual,desc,0.2,0.17574260684641368,31.748045001623478,2.141778756886523
12,Residual,desc,0.25,0.16611181080062232,35.48829143423925,2.141778756886523
12,Residual,desc,0.30000000000000004,0.15624074132565602,39.32185121624494,2.141778756886523
12,Residual,desc,0.35000000000000003,0.1517036665686557,41.08388392815116,2.141778756886523
12,Residual,desc,0.4,0.15002590870337273,41.735463282607526,2.141778756886523
12,Residual,desc,0.45,0.14476230990164624,43.779651171881895,2.141778756886523
12,Residual,desc,0.5,0.14295790314229084,44.480416291668234,2.141778756886523
12,Residual,desc,0.55,0.13926780575908623,45.91351419010906,2.141778756886523
12,Residual,desc,0.6000000000000001,0.13915077822624464,45.95896337314102,2.141778756886523
12,Residual,desc,0.65,0.13821926498212483,46.320728804751,2.141778756886523
12,Residual,desc,0.7000000000000001,0.13783322267120127,46.4706534183972,2.141778756886523
12,Residual,desc,0.75,0.1361948955180261,47.10691933670608,2.141778756886523
12,Residual,desc,0.8,0.13578765847127378,47.26507520503744,2.141778756886523
12,Residual,desc,0.8500000000000001,0.133966369487815,47.97239675880671,2.141778756886523
12,Residual,desc,0.9,0.14124735870203278,45.14472874414736,2.141778756886523
12,Residual,desc,0.9500000000000001,0.14095799907088777,45.2571053662861,2.141778756886523
12,Failure,desc,0.0,0.2574909493077436,0.0,2.141778756886523
12,Failure,desc,0.05,0.22580627817940419,12.305159157447145,2.141778756886523
12,Failure,desc,0.1,0.2105865557285072,18.215938737007022,2.141778756886523
12,Failure,desc,0.15000000000000002,0.194792011605419,24.34995788041821,2.141778756886523
12,Failure,desc,0.2,0.18276477443130318,29.02089377406833,2.141778756886523
12,Failure,desc,0.25,0.1613749972361318,37.32789534157085,2.141778756886523
12,Failure,desc,0.30000000000000004,0.12947798982392086,49.71551809024029,2.141778756886523
12,Failure,desc,0.35000000000000003,0.10733389235403748,58.31546986695986,2.141778756886523
12,Failure,desc,0.4,0.08762435803394811,65.96992699373571,2.141778756886523
12,Failure,desc,0.45,0.06908393861409859,73.17034295775109,2.141778756886523
12,Failure,desc,0.5,0.06297914701855901,75.54121914270134,2.141778756886523
12,Failure,desc,0.55,0.05671072936677665,77.97564166071014,2.141778756886523
12,Failure,desc,0.6000000000000001,0.04603846487401709,82.12035607550865,2.141778756886523
12,Failure,desc,0.65,0.03934275483449773,84.7207232175463,2.141778756886523
12,Failure,desc,0.7000000000000001,0.031863263181498465,87.62548226756635,2.141778756886523
12,Failure,desc,0.75,0.031602187640468474,87.72687439095239,2.141778756886523
12,Failure,desc,0.8,0.03166730798761199,87.70158404683794,2.141778756886523
12,Failure,desc,0.8500000000000001,0.03172217143476313,87.68027710486632,2.141778756886523
12,Failure,desc,0.9,0.03400210738592455,86.79483396315942,2.141778756886523
12,Failure,desc,0.9500000000000001,0.05180763795531234,79.8798217589412,2.141778756886523
33,Residual,asc,0.0,0.49944080419666115,0.0,1.781967083418132
33,Residual,asc,0.05,0.504210872592796,-0.955081834734619,1.781967083418132
33,Residual,asc,0.1,0.5104855373714776,-2.2114198683829334,1.781967083418132
33,Residual,asc,0.15000000000000002,0.5157496220028711,-3.2654155746129545,1.781967083418132
33,Residual,asc,0.2,0.5213777153926477,-4.392294544549983,1.781967083418132
33,Residual,asc,0.25,0.5269584022060757,-5.509681583521388,1.781967083418132
33,Residual,asc,0.30000000000000004,0.531392213606515,-6.397436721504354,1.781967083418132
33,Residual,asc,0.35000000000000003,0.5373382561587436,-7.587976721893932,1.781967083418132
33,Residual,asc,0.4,0.5430775349034855,-8.73711766042285,1.781967083418132
33,Residual,asc,0.45,0.5500689599207957,-10.136968245029317,1.781967083418132
33,Residual,asc,0.5,0.5554511196028981,-11.21460540180096,1.781967083418132
33,Residual,asc,0.55,0.5627895380052663,-12.683932365217961,1.781967083418132
33,Residual,asc,0.6000000000000001,0.5690743247687692,-13.94229706243404,1.781967083418132
33,Residual,asc,0.65,0.5785839026676025,-15.846342110200865,1.781967083418132
33,Residual,asc,0.7000000000000001,0.5899754136790987,-18.12719519945118,1.781967083418132
33,Residual,asc,0.75,0.6052643546566246,-21.188407028572325,1.781967083418132
33,Residual,asc,0.8,0.6301955391132176,-26.180226729146085,1.781967083418132
33,Residual,asc,0.8500000000000001,0.6849830774493022,-37.15000290196181,1.781967083418132
33,Residual,asc,0.9,0.764457534123474,-53.062690853440785,1.781967083418132
33,Residual,asc,0.9500000000000001,0.961632775385674,-92.541892313432,1.781967083418132
33,Failure,asc,0.0,0.4994408041966611,0.0,1.781967083418132
33,Failure,asc,0.05,0.500846326923192,-0.2814192822694241,1.781967083418132
33,Failure,asc,0.1,0.5048828328215224,-1.089624351701627,1.781967083418132
33,Failure,asc,0.15000000000000002,0.5083834422573896,-1.7905301260101407,1.781967083418132
33,Failure,asc,0.2,0.51162974596793,-2.4405178088871855,1.781967083418132
33,Failure,asc,0.25,0.514907439810391,-3.0967905473017225,1.781967083418132
33,Failure,asc,0.30000000000000004,0.5188393977905326,-3.884062621810338,1.781967083418132
33,Failure,asc,0.35000000000000003,0.5236797220692571,-4.853211365375663,1.781967083418132
33,Failure,asc,0.4,0.529630522832857,-6.04470407353989,1.781967083418132
33,Failure,asc,0.45,0.5418116496567125,-8.483657142952886,1.781967083418132
33,Failure,asc,0.5,0.5570241307937142,-11.52955988241179,1.781967083418132
33,Failure,asc,0.55,0.5743463634290912,-14.99788535558562,1.781967083418132
33,Failure,asc,0.6000000000000001,0.5976708452966187,-19.66800475142562,1.781967083418132
33,Failure,asc,0.65,0.6256927082936954,-25.278652251913524,1.781967083418132
33,Failure,asc,0.7000000000000001,0.6661132767789888,-33.371817276807505,1.781967083418132
33,Failure,asc,0.75,0.7161145257946191,-43.383263797693225,1.781967083418132
33,Failure,asc,0.8,0.7776041542829966,-55.69495879171401,1.781967083418132
33,Failure,asc,0.8500000000000001,0.855847639785887,-71.36117685908702,1.781967083418132
33,Failure,asc,0.9,0.9213425796341679,-84.47483102950028,1.781967083418132
33,Failure,asc,0.9500000000000001,0.9635113725599419,-92.91803242022397,1.781967083418132
33,Residual,desc,0.0,0.49944080419666115,0.0,1.781967083418132
33,Residual,desc,0.05,0.42681302646150066,14.541818995342314,1.781967083418132
33,Residual,desc,0.1,0.408862933743468,18.135857080977903,1.781967083418132
33,Residual,desc,0.15000000000000002,0.39278066390411814,21.355912331613222,1.781967083418132
33,Residual,desc,0.2,0.3902913474967049,21.85433304263567,1.781967083418132
33,Residual,desc,0.25,0.3759104973567188,24.733723356592378,1.781967083418132
33,Residual,desc,0.30000000000000004,0.36448537578947354,27.021306083362624,1.781967083418132
33,Residual,desc,0.35000000000000003,0.3583408778229376,28.251581606488774,1.781967083418132
33,Residual,desc,0.4,0.35591750416408036,28.736799001322023,1.781967083418132
33,Residual,desc,0.45,0.3457978870452673,30.762988498411715,1.781967083418132
33,Residual,desc,0.5,0.3407266536251533,31.778370777452963,1.781967083418132
33,Residual,desc,0.55,0.32851806591083127,34.222822174242474,1.781967083418132
33,Residual,desc,0.6000000000000001,0.32552798184637144,34.82150855295542,1.781967083418132
33,Residual,desc,0.65,0.3168789375638542,36.5532541792322,1.781967083418132
33,Residual,desc,0.7000000000000001,0.3107656609374971,37.777278442966555,1.781967083418132
33,Residual,desc,0.75,0.29543684940247394,40.846473311751694,1.781967083418132
33,Residual,desc,0.8,0.29087595745483286,41.75967301616454,1.781967083418132
33,Residual,desc,0.8500000000000001,0.2846830672595099,42.99963782145995,1.781967083418132
33,Residual,desc,0.9,0.2736762092041838,45.20347418461622,1.781967083418132
33,Residual,desc,0.9500000000000001,0.3101518262121122,37.90018284329329,1.781967083418132
33,Failure,desc,0.0,0.49944080419666126,0.0,1.781967083418132
33,Failure,desc,0.05,0.4317945734670692,13.544394082577904,1.781967083418132
33,Failure,desc,0.1,0.3530244827234158,29.31605112016281,1.781967083418132
33,Failure,desc,0.15000000000000002,0.3047743015782713,38.97689195249204,1.781967083418132
33,Failure,desc,0.2,0.27779412826001093,44.378968252937156,1.781967083418132
33,Failure,desc,0.25,0.2524885618644689,49.44574817618461,1.781967083418132
33,Failure,desc,0.30000000000000004,0.22933683165627236,54.081278556093295,1.781967083418132
33,Failure,desc,0.35000000000000003,0.1976670760963386,60.422321437215885,1.781967083418132
33,Failure,desc,0.4,0.169332310643167,66.0956194967822,1.781967083418132
33,Failure,desc,0.45,0.1563326464193419,68.69846334025527,1.781967083418132
33,Failure,desc,0.5,0.14245550539647048,71.47699903583032,1.781967083418132
33,Failure,desc,0.55,0.09471469151118052,81.03585235420906,1.781967083418132
33,Failure,desc,0.6000000000000001,0.025231347570139374,94.94808046156272,1.781967083418132
33,Failure,desc,0.65,0.02339545473905288,95.31567013698773,1.781967083418132
33,Failure,desc,0.7000000000000001,0.02193903158414057,95.60728090300331,1.781967083418132
33,Failure,desc,0.75,0.02119724598568966,95.75580412982376,1.781967083418132
33,Failure,desc,0.8,0.0207506646169727,95.8452204059799,1.781967083418132
33,Failure,desc,0.8500000000000001,0.02024870844857496,95.94572404208252,1.781967083418132
33,Failure,desc,0.9,0.019568609682053355,96.08189608906123,1.781967083418132
33,Failure,desc,0.9500000000000001,0.021609442452830696,95.67327253375123,1.781967083418132
123,Residual,asc,0.0,0.3814225184858073,0.0,4.26664025730611
123,Residual,asc,0.05,0.3844330424370382,-0.7892884675981395,4.26664025730611
123,Residual,asc,0.1,0.3867670218359158,-1.401202889468983,4.26664025730611
123,Residual,asc,0.15000000000000002,0.3886524459218724,-1.895516673941243,4.26664025730611
123,Residual,asc,0.2,0.3951291252598769,-3.593549439210579,4.26664025730611
123,Residual,asc,0.25,0.4011337108624306,-5.167810347137836,4.26664025730611
123,Residual,asc,0.30000000000000004,0.40697826529017345,-6.700114850538654,4.26664025730611
123,Residual,asc,0.35000000000000003,0.4135443118525135,-8.421577596997967,4.26664025730611
123,Residual,asc,0.4,0.4183051704020558,-9.669762567419275,4.26664025730611
123,Residual,asc,0.45,0.426751810171305,-11.884272555655192,4.26664025730611
123,Residual,asc,0.5,0.43634291496072947,-14.398834314488887,4.26664025730611
123,Residual,asc,0.55,0.4445670175351094,-16.55500029205845,4.26664025730611
123,Residual,asc,0.6000000000000001,0.45613569725147646,-19.58803561527246,4.26664025730611
123,Residual,asc,0.65,0.4736342846821251,-24.175753063134618,4.26664025730611
123,Residual,asc,0.7000000000000001,0.4953667356795454,-29.87348981021894,4.26664025730611
123,Residual,asc,0.75,0.521452291241411,-36.712508037412626,4.26664025730611
123,Residual,asc,0.8,0.5512691629374045,-44.52978946441441,4.26664025730611
123,Residual,asc,0.8500000000000001,0.5940561738905055,-55.74753589505498,4.26664025730611
123,Residual,asc,0.9,0.6693139501086065,-75.47835213444839,4.26664025730611
123,Residual,asc,0.9500000000000001,0.8885124464711094,-132.94703469485134,4.26664025730611
123,Failure,asc,0.0,0.3814225184858074,0.0,4.26664025730611
123,Failure,asc,0.05,0.3815352306283996,-0.02955046887102566,4.26664025730611
123,Failure,asc,0.1,0.3843923313599744,-0.7786149821349728,4.26664025730611
123,Failure,asc,0.15000000000000002,0.3876678106220382,-1.6373684912531463,4.26664025730611
123,Failure,asc,0.2,0.3918251674430104,-2.727329523830953,4.26664025730611
123,Failure,asc,0.25,0.39660422180511024,-3.9802850077053744,4.26664025730611
123,Failure,asc,0.30000000000000004,0.40132845455236876,-5.21886755548285,4.26664025730611
123,Failure,asc,0.35000000000000003,0.4067193479638102,-6.632232826322788,4.26664025730611
123,Failure,asc,0.4,0.41260330589993965,-8.174868001479178,4.26664025730611
123,Failure,asc,0.45,0.41863692930288626,-9.756741936688675,4.26664025730611
123,Failure,asc,0.5,0.4280661356462891,-12.228857736467729,4.26664025730611
123,Failure,asc,0.55,0.437852985606359,-14.794739268298173,4.26664025730611
123,Failure,asc,0.6000000000000001,0.4467610892849858,-17.13023422386365,4.26664025730611
123,Failure,asc,0.65,0.4576511222939861,-19.985344365821742,4.26664025730611
123,Failure,asc,0.7000000000000001,0.4649806930549154,-21.90698517245966,4.26664025730611
123,Failure,asc,0.75,0.4736416863822175,-24.177693614552954,4.26664025730611
123,Failure,asc,0.8,0.49180474333201296,-28.939619318861183,4.26664025730611
123,Failure,asc,0.8500000000000001,0.5337800333693362,-39.94455164534236,4.26664025730611
123,Failure,asc,0.9,0.6020543791590637,-57.8444769200133,4.26664025730611
123,Failure,asc,0.9500000000000001,0.7626422073904356,-99.94682286143347,4.26664025730611
123,Residual,desc,0.0,0.3814225184858074,0.0,4.26664025730611
123,Residual,desc,0.05,0.2971102241609933,22.104697609234446,4.26664025730611
123,Residual,desc,0.1,0.2891819184381979,24.183312619766504,4.26664025730611
123,Residual,desc,0.15000000000000002,0.28621773561367286,24.960451535500273,4.26664025730611
123,Residual,desc,0.2,0.2832239027816556,25.745363984797276,4.26664025730611
123,Residual,desc,0.25,0.28018102558083957,26.543134712360978,4.26664025730611
123,Residual,desc,0.30000000000000004,0.28041317841896823,26.482269706526957,4.26664025730611
123,Residual,desc,0.35000000000000003,0.2841762777754426,25.495673694468383,4.26664025730611
123,Residual,desc,0.4,0.2893632144457127,24.135781076994846,4.26664025730611
123,Residual,desc,0.45,0.2898054050473961,24.01984911696301,4.26664025730611
123,Residual,desc,0.5,0.28615835718338184,24.976019161273065,4.26664025730611
123,Residual,desc,0.55,0.28859291702241113,24.337734917150787,4.26664025730611
123,Residual,desc,0.6000000000000001,0.29260948351975863,23.284685791133608,4.26664025730611
123,Residual,desc,0.65,0.2869652460756111,24.764471899870543,4.26664025730611
123,Residual,desc,0.7000000000000001,0.2906693883489738,23.793333046279088,4.26664025730611
123,Residual,desc,0.75,0.2918705143924354,23.478426090017074,4.26664025730611
123,Residual,desc,0.8,0.3005742518630726,21.196511140372838,4.26664025730611
123,Residual,desc,0.8500000000000001,0.3246010240752457,14.897257413152962,4.26664025730611
123,Residual,desc,0.9,0.314899715296519,17.440712062144197,4.26664025730611
123,Residual,desc,0.9500000000000001,0.3009715943995405,21.09233728665142,4.26664025730611
123,Failure,desc,0.0,0.3814225184858075,0.0,4.26664025730611
123,Failure,desc,0.05,0.300026468551573,21.340127021698954,4.26664025730611
123,Failure,desc,0.1,0.28772593928944046,24.56503605721261,4.26664025730611
123,Failure,desc,0.15000000000000002,0.2775160784211626,27.24182108522027,4.26664025730611
123,Failure,desc,0.2,0.2692401348961089,29.411578538951115,4.26664025730611
123,Failure,desc,0.25,0.24375745304344082,36.0925374801879,4.26664025730611
123,Failure,desc,0.30000000000000004,0.20319459991951777,46.727162117703195,4.26664025730611
123,Failure,desc,0.35000000000000003,0.14619233883239108,61.671812295521086,4.26664025730611
123,Failure,desc,0.4,0.08122659224479434,78.70430079292323,4.26664025730611
123,Failure,desc,0.45,0.039627365586834835,89.61063815944854,4.26664025730611
123,Failure,desc,0.5,0.014879157692631461,96.09903532919357,4.26664025730611
123,Failure,desc,0.55,0.01369938731696685,96.4083433323886,4.26664025730611
123,Failure,desc,0.6000000000000001,0.014076522757058807,96.30946730336201,4.26664025730611
123,Failure,desc,0.65,0.014603574463143828,96.17128676064594,4.26664025730611
123,Failure,desc,0.7000000000000001,0.015419511396398302,95.95736731601177,4.26664025730611
123,Failure,desc,0.75,0.016265893305075923,95.73546591594823,4.26664025730611
123,Failure,desc,0.8,0.017396804680244255,95.43896759181733,4.26664025730611
123,Failure,desc,0.8500000000000001,0.018917422513050945,95.04029741396748,4.26664025730611
123,Failure,desc,0.9,0.020827920768468625,94.53940977288062,4.26664025730611
123,Failure,desc,0.9500000000000001,0.05802778864506706,84.78648065262927,4.26664025730611
321,Residual,asc,0.0,0.5565335866071403,0.0,3.984361374887834
321,Residual,asc,0.05,0.5613870348153873,-0.8720854095860958,3.984361374887834
321,Residual,asc,0.1,0.5646747825707005,-1.4628400081282302,3.984361374887834
321,Residual,asc,0.15000000000000002,0.5722577188539766,-2.825369865401506,3.984361374887834
321,Residual,asc,0.2,0.5809622244531658,-4.389427418918717,3.984361374887834
321,Residual,asc,0.25,0.5889080111690035,-5.817155575323165,3.984361374887834
321,Residual,asc,0.30000000000000004,0.5932951191534002,-6.605447259773389,3.984361374887834
321,Residual,asc,0.35000000000000003,0.6031333200934856,-8.373211358264413,3.984361374887834
321,Residual,asc,0.4,0.614638123348779,-10.440436685208544,3.984361374887834
321,Residual,asc,0.45,0.6263033262418379,-12.536483208505523,3.984361374887834
321,Residual,asc,0.5,0.6376333371905543,-14.572301211474361,3.984361374887834
321,Residual,asc,0.55,0.6517037013060005,-17.100515941734407,3.984361374887834
321,Residual,asc,0.6000000000000001,0.665571654057213,-19.592360654244434,3.984361374887834
321,Residual,asc,0.65,0.6844676981547255,-22.987671297167296,3.984361374887834
321,Residual,asc,0.7000000000000001,0.7062355777657496,-26.899003898624496,3.984361374887834
321,Residual,asc,0.75,0.7423966148615213,-33.396551929143975,3.984361374887834
321,Residual,asc,0.8,0.7713281453843184,-38.595075651526244,3.984361374887834
321,Residual,asc,0.8500000000000001,0.8108091160928041,-45.68916155372276,3.984361374887834
321,Residual,asc,0.9,0.8708313402004981,-56.47417535201199,3.984361374887834
321,Residual,asc,0.9500000000000001,1.0655859842142852,-91.4684054758563,3.984361374887834
321,Failure,asc,0.0,0.5565335866071404,0.0,3.984361374887834
321,Failure,asc,0.05,0.5577777055566341,-0.22354786475303087,3.984361374887834
321,Failure,asc,0.1,0.5623456114099507,-1.0443259746896507,3.984361374887834
321,Failure,asc,0.15000000000000002,0.5671843890985673,-1.9137753313970904,3.984361374887834
321,Failure,asc,0.2,0.5731104246255285,-2.9785871719705983,3.984361374887834
321,Failure,asc,0.25,0.5784389212373796,-3.936031024431653,3.984361374887834
321,Failure,asc,0.30000000000000004,0.5839608176839987,-4.928225669912588,3.984361374887834
321,Failure,asc,0.35000000000000003,0.5894538901817333,-5.915241122335275,3.984361374887834
321,Failure,asc,0.4,0.5956422374168824,-7.0271860945831826,3.984361374887834
321,Failure,asc,0.45,0.6049190229100305,-8.69407300247014,3.984361374887834
321,Failure,asc,0.5,0.6176343955848353,-10.978817891331746,3.984361374887834
321,Failure,asc,0.55,0.6350975671583956,-14.116664733608236,3.984361374887834
321,Failure,asc,0.6000000000000001,0.657379992364934,-18.120452778527746,3.984361374887834
321,Failure,asc,0.65,0.6880878932337677,-23.638161252519726,3.984361374887834
321,Failure,asc,0.7000000000000001,0.727760104608357,-30.766609980375954,3.984361374887834
321,Failure,asc,0.75,0.75539816166271,-35.73271763667142,3.984361374887834
321,Failure,asc,0.8,0.7996775175324555,-43.68899501782479,3.984361374887834
321,Failure,asc,0.8500000000000001,0.8895485684012445,-59.837355697488384,3.984361374887834
321,Failure,asc,0.9,1.033965586833997,-85.7867362754295,3.984361374887834
321,Failure,asc,0.9500000000000001,1.3458130313152348,-141.82063108174106,3.984361374887834
321,Residual,desc,0.0,0.5565335866071403,0.0,3.984361374887834
321,Residual,desc,0.05,0.49454290149908314,11.138714104566096,3.984361374887834
321,Residual,desc,0.1,0.47931653055029,13.87464439075411,3.984361374887834
321,Residual,desc,0.15000000000000002,0.4627363408359352,16.853833807772865,3.984361374887834
321,Residual,desc,0.2,0.44735716229181016,19.617221124229875,3.984361374887834
321,Residual,desc,0.25,0.4322246551415461,22.33628561816601,3.984361374887834
321,Residual,desc,0.30000000000000004,0.4297741212048344,22.776606561175253,3.984361374887834
321,Residual,desc,0.35000000000000003,0.4254403800253973,23.55530910199716,3.984361374887834
321,Residual,desc,0.4,0.42381791333466823,23.846839879253622,3.984361374887834
321,Residual,desc,0.45,0.41875432612779634,24.756683836334744,3.984361374887834
321,Residual,desc,0.5,0.41725592390785166,25.02592225356659,3.984361374887834
321,Residual,desc,0.55,0.41255907481998483,25.869869357729836,3.984361374887834
321,Residual,desc,0.6000000000000001,0.41131886887814395,26.09271411888822,3.984361374887834
321,Residual,desc,0.65,0.4156197913508475,25.319908563894906,3.984361374887834
321,Residual,desc,0.7000000000000001,0.4192424710752858,24.668972158327065,3.984361374887834
321,Residual,desc,0.75,0.4012983665517321,27.893234800398385,3.984361374887834
321,Residual,desc,0.8,0.40009759860137256,28.108993198320054,3.984361374887834
321,Residual,desc,0.8500000000000001,0.42002111129614533,24.529063222083618,3.984361374887834
321,Residual,desc,0.9,0.45185840661790444,18.80842100247339,3.984361374887834
321,Residual,desc,0.9500000000000001,0.4230517610262875,23.984504941492098,3.984361374887834
321,Failure,desc,0.0,0.5565335866071403,0.0,3.984361374887834
321,Failure,desc,0.05,0.3838539870197068,31.02770501959459,3.984361374887834
321,Failure,desc,0.1,0.35245140173268064,36.67023694268469,3.984361374887834
321,Failure,desc,0.15000000000000002,0.33061940643332216,40.59309008663515,3.984361374887834
321,Failure,desc,0.2,0.31037736386189113,44.23025468164817,3.984361374887834
321,Failure,desc,0.25,0.2496738881994379,55.13767826277052,3.984361374887834
321,Failure,desc,0.30000000000000004,0.13122112497067764,76.42170605180254,3.984361374887834
321,Failure,desc,0.35000000000000003,0.09306002808755576,83.27863217476445,3.984361374887834
321,Failure,desc,0.4,0.05329842972870646,90.42314228443321,3.984361374887834
321,Failure,desc,0.45,0.02993467799954477,94.62122705261349,3.984361374887834
321,Failure,desc,0.5,0.021677948419850362,96.10482656545346,3.984361374887834
321,Failure,desc,0.55,0.021961815779919083,96.05382023503606,3.984361374887834
321,Failure,desc,0.6000000000000001,0.02195961547752403,96.0542155934561,3.984361374887834
321,Failure,desc,0.65,0.021804239165049203,96.08213418026091,3.984361374887834
321,Failure,desc,0.7000000000000001,0.02174687731020516,96.09244116913354,3.984361374887834
321,Failure,desc,0.75,0.021776412658198165,96.08713414926918,3.984361374887834
321,Failure,desc,0.8,0.02170261685258126,96.10039405080843,3.984361374887834
321,Failure,desc,0.8500000000000001,0.021191916396127365,96.19215858555418,3.984361374887834
321,Failure,desc,0.9,0.020718282292730546,96.27726290177063,3.984361374887834
321,Failure,desc,0.9500000000000001,0.02180364029456088,96.08224178751101,3.984361374887834
1234,Residual,asc,0.0,0.3352451106723778,0.0,4.738227255589416
1234,Residual,asc,0.05,0.33983325780542506,-1.3685947943715435,4.738227255589416
1234,Residual,asc,0.1,0.34354454866323453,-2.475632821075644,4.738227255589416
1234,Residual,asc,0.15000000000000002,0.3493117376424943,-4.195923079058203,4.738227255589416
1234,Residual,asc,0.2,0.3531311043741141,-5.3351989730330835,4.738227255589416
1234,Residual,asc,0.25,0.36008672348861787,-7.409985119966998,4.738227255589416
1234,Residual,asc,0.30000000000000004,0.3660427630532294,-9.18660747030223,4.738227255589416
1234,Residual,asc,0.35000000000000003,0.3746304985702824,-11.748236333383685,4.738227255589416
1234,Residual,asc,0.4,0.3812369233843089,-13.71886158747806,4.738227255589416
1234,Residual,asc,0.45,0.3912550943488106,-16.707173913468125,4.738227255589416
1234,Residual,asc,0.5,0.4004228373818918,-19.441812761651207,4.738227255589416
1234,Residual,asc,0.55,0.41397837125815545,-23.485282284316646,4.738227255589416
1234,Residual,asc,0.6000000000000001,0.42432441396953163,-26.571395215427213,4.738227255589416
1234,Residual,asc,0.65,0.4386139987158406,-30.83382419392875,4.738227255589416
1234,Residual,asc,0.7000000000000001,0.4549648933979193,-35.71111968953936,4.738227255589416
1234,Residual,asc,0.75,0.4758737247849275,-41.94799853471411,4.738227255589416
1234,Residual,asc,0.8,0.511425942010441,-52.55284140750318,4.738227255589416
1234,Residual,asc,0.8500000000000001,0.5643723612449194,-68.34618709665804,4.738227255589416
1234,Residual,asc,0.9,0.6365733160147519,-89.88295302443669,4.738227255589416
1234,Residual,asc,0.9500000000000001,0.8325024221258208,-148.32649175885925,4.738227255589416
1234,Failure,asc,0.0,0.3352451106723777,0.0,4.738227255589416
1234,Failure,asc,0.05,0.33551787314639386,-0.08136210352749991,4.738227255589416
1234,Failure,asc,0.1,0.3367402434885033,-0.44598199005106526,4.738227255589416
1234,Failure,asc,0.15000000000000002,0.33815039580669665,-0.8666152143105076,4.738227255589416
1234,Failure,asc,0.2,0.34052653147882495,-1.5753908523392468,4.738227255589416
1234,Failure,asc,0.25,0.34334715995485254,-2.416753898729531,4.738227255589416
1234,Failure,asc,0.30000000000000004,0.34594154769800695,-3.190631775114073,4.738227255589416
1234,Failure,asc,0.35000000000000003,0.3494118459158193,-4.225784297056072,4.738227255589416
1234,Failure,asc,0.4,0.35425773088641843,-5.6712595079786325,4.738227255589416
1234,Failure,asc,0.45,0.3614742606337344,-7.823872482062659,4.738227255589416
1234,Failure,asc,0.5,0.3696504343057203,-10.262736886553911,4.738227255589416
1234,Failure,asc,0.55,0.37876464242819824,-12.981406848420976,4.738227255589416
1234,Failure,asc,0.6000000000000001,0.3880914181181098,-15.76348342254476,4.738227255589416
1234,Failure,asc,0.65,0.3959594648057326,-18.110436871572656,4.738227255589416
1234,Failure,asc,0.7000000000000001,0.40835399329736694,-21.807591012545963,4.738227255589416
1234,Failure,asc,0.75,0.4210540108194432,-25.595869235785294,4.738227255589416
1234,Failure,asc,0.8,0.44729357466991077,-33.42284806862813,4.738227255589416
1234,Failure,asc,0.8500000000000001,0.48928219923970356,-45.94760181837832,4.738227255589416
1234,Failure,asc,0.9,0.5585972885420425,-66.62354520896751,4.738227255589416
1234,Failure,asc,0.9500000000000001,0.6954499329454747,-107.44521271336644,4.738227255589416
1234,Residual,desc,0.0,0.33524511067237783,0.0,4.738227255589416
1234,Residual,desc,0.05,0.272454761734423,18.729683726638275,4.738227255589416
1234,Residual,desc,0.1,0.26097653007131455,22.15351640836997,4.738227255589416
1234,Residual,desc,0.15000000000000002,0.24566994385859797,26.719305953224843,4.738227255589416
1234,Residual,desc,0.2,0.23961877793023525,28.524303471675243,4.738227255589416
1234,Residual,desc,0.25,0.2372195429135803,29.23996939498818,4.738227255589416
1234,Residual,desc,0.30000000000000004,0.2283667525761158,31.880661251674493,4.738227255589416
1234,Residual,desc,0.35000000000000003,0.22070144058035157,34.167141129155915,4.738227255589416
1234,Residual,desc,0.4,0.2156487200236482,35.67431316413935,4.738227255589416
1234,Residual,desc,0.45,0.20769374808478425,38.047195477891584,4.738227255589416
1234,Residual,desc,0.5,0.20877350883154588,37.72511449523503,4.738227255589416
1234,Residual,desc,0.55,0.20383081900400318,39.199465550685034,4.738227255589416
1234,Residual,desc,0.6000000000000001,0.20821616460103295,37.891364266751495,4.738227255589416
1234,Residual,desc,0.65,0.20302220372276233,39.44066676600449,4.738227255589416
1234,Residual,desc,0.7000000000000001,0.20766312831372058,38.056329025283894,4.738227255589416
1234,Residual,desc,0.75,0.2025188038793803,39.590825508774046,4.738227255589416
1234,Residual,desc,0.8,0.21032355106850953,37.262753617292674,4.738227255589416
1234,Residual,desc,0.8500000000000001,0.19163956317110775,42.83598565039484,4.738227255589416
1234,Residual,desc,0.9,0.2086733962259207,37.754977005511286,4.738227255589416
1234,Residual,desc,0.9500000000000001,0.1893753873991994,43.511364857974414,4.738227255589416
1234,Failure,desc,0.0,0.3352451106723776,0.0,4.738227255589416
1234,Failure,desc,0.05,0.257916837799483,23.066189606107223,4.738227255589416
1234,Failure,desc,0.1,0.23704393622206069,29.292350976681426,4.738227255589416
1234,Failure,desc,0.15000000000000002,0.22437182660905078,33.07230457170757,4.738227255589416
1234,Failure,desc,0.2,0.21394083673763042,36.1837563242774,4.738227255589416
1234,Failure,desc,0.25,0.20032452021064967,40.24535665594859,4.738227255589416
1234,Failure,desc,0.30000000000000004,0.16829936699690343,49.798114382829574,4.738227255589416
1234,Failure,desc,0.35000000000000003,0.13837640672309637,58.72381063349007,4.738227255589416
1234,Failure,desc,0.4,0.07765189435259102,76.83727759762102,4.738227255589416
1234,Failure,desc,0.45,0.023416195389986,93.01520152135201,4.738227255589416
1234,Failure,desc,0.5,0.020863191770102495,93.7767349602031,4.738227255589416
1234,Failure,desc,0.55,0.020723135023263086,93.81851237689936,4.738227255589416
1234,Failure,desc,0.6000000000000001,0.021399846931096096,93.61665651493742,4.738227255589416
1234,Failure,desc,0.65,0.02176188098672414,93.50866566164741,4.738227255589416
1234,Failure,desc,0.7000000000000001,0.022679942447477088,93.23481783164877,4.738227255589416
1234,Failure,desc,0.75,0.02279989122958241,93.19903840391459,4.738227255589416
1234,Failure,desc,0.8,0.02455450627716876,92.67565566342742,4.738227255589416
1234,Failure,desc,0.8500000000000001,0.02870216427064191,91.43845402753942,4.738227255589416
1234,Failure,desc,0.9,0.03556750599340285,89.3905966526797,4.738227255589416
1234,Failure,desc,0.9500000000000001,0.04245284229950528,87.33677510930417,4.738227255589416
4321,Residual,asc,0.0,0.4982009016452174,0.0,3.379296987611964
4321,Residual,asc,0.05,0.503889586198667,-1.141845495394272,3.379296987611964
4321,Residual,asc,0.1,0.5109371705136986,-2.556452392282304,3.379296987611964
4321,Residual,asc,0.15000000000000002,0.518216399656189,-4.0175555573813915,3.379296987611964
4321,Residual,asc,0.2,0.523722433816075,-5.122739056990336,3.379296987611964
4321,Residual,asc,0.25,0.5302005093765911,-6.42303288205639,3.379296987611964
4321,Residual,asc,0.30000000000000004,0.5384759778742352,-8.084103440201872,3.379296987611964
4321,Residual,asc,0.35000000000000003,0.54777490729361,-9.950605365161625,3.379296987611964
4321,Residual,asc,0.4,0.5565965639116764,-11.721308025260099,3.379296987611964
4321,Residual,asc,0.45,0.5678980100807561,-13.989759594046653,3.379296987611964
4321,Residual,asc,0.5,0.5812964131572348,-16.67911704647857,3.379296987611964
4321,Residual,asc,0.55,0.5949401092006342,-19.417710252220193,3.379296987611964
4321,Residual,asc,0.6000000000000001,0.6132049465422483,-23.083869281900352,3.379296987611964
4321,Residual,asc,0.65,0.6342068432877351,-27.29941700092934,3.379296987611964
4321,Residual,asc,0.7000000000000001,0.6606395736389796,-32.605053796036536,3.379296987611964
4321,Residual,asc,0.75,0.6883780829589771,-38.17278946821138,3.379296987611964
4321,Residual,asc,0.8,0.7406525888002647,-48.66544527607135,3.379296987611964
4321,Residual,asc,0.8500000000000001,0.8155521674589369,-63.69945633693656,3.379296987611964
4321,Residual,asc,0.9,0.936939248956823,-88.06454301121343,3.379296987611964
4321,Residual,asc,0.9500000000000001,1.1382552504199557,-128.4731413895631,3.379296987611964
4321,Failure,asc,0.0,0.4982009016452174,0.0,3.379296987611964
4321,Failure,asc,0.05,0.4987134828745179,-0.10288645155152744,3.379296987611964
4321,Failure,asc,0.1,0.5002234510503544,-0.4059706432601516,3.379296987611964
4321,Failure,asc,0.15000000000000002,0.503811940299543,-1.1262602367430843,3.379296987611964
4321,Failure,asc,0.2,0.5085124410616382,-2.0697552698858623,3.379296987611964
4321,Failure,asc,0.25,0.5149672789772141,-3.365384782851407,3.379296987611964
4321,Failure,asc,0.30000000000000004,0.523744943862774,-5.127257323943433,3.379296987611964
4321,Failure,asc,0.35000000000000003,0.5328746461462696,-6.959791599442805,3.379296987611964
4321,Failure,asc,0.4,0.5415127438359704,-8.693649900617103,3.379296987611964
4321,Failure,asc,0.45,0.5493582625577217,-10.268419977476244,3.379296987611964
4321,Failure,asc,0.5,0.5586027169006665,-12.123987543174486,3.379296987611964
4321,Failure,asc,0.55,0.5712144091641407,-14.655434640485296,3.379296987611964
4321,Failure,asc,0.6000000000000001,0.5804063039645035,-16.500452337163143,3.379296987611964
4321,Failure,asc,0.65,0.5846421914680815,-17.350689157206965,3.379296987611964
4321,Failure,asc,0.7000000000000001,0.5862345576338177,-17.67031245786293,3.379296987611964
4321,Failure,asc,0.75,0.5955549297571114,-19.54111841034413,3.379296987611964
4321,Failure,asc,0.8,0.6206265322920993,-24.573546583836688,3.379296987611964
4321,Failure,asc,0.8500000000000001,0.6638206967476524,-33.24357594607034,3.379296987611964
4321,Failure,asc,0.9,0.7349990963277079,-47.53066361391714,3.379296987611964
4321,Failure,asc,0.9500000000000001,0.871347902242935,-74.8989010990281,3.379296987611964
4321,Residual,desc,0.0,0.49820090164521724,0.0,3.379296987611964
4321,Residual,desc,0.05,0.40790682401064177,18.124029349685202,3.379296987611964
4321,Residual,desc,0.1,0.3795206753640001,23.821760636983484,3.379296987611964
4321,Residual,desc,0.15000000000000002,0.36413166033923877,26.91067817485664,3.379296987611964
4321,Residual,desc,0.2,0.3518496865550448,29.37594344106451,3.379296987611964
4321,Residual,desc,0.25,0.34624400698923175,30.501127989567195,3.379296987611964
4321,Residual,desc,0.30000000000000004,0.3324090114205034,33.27811926417967,3.379296987611964
4321,Residual,desc,0.35000000000000003,0.3271812504936868,34.32744713764455,3.379296987611964
4321,Residual,desc,0.4,0.3196093198094471,35.84730201129788,3.379296987611964
4321,Residual,desc,0.45,0.31396526212526343,36.980189901613855,3.379296987611964
4321,Residual,desc,0.5,0.3067028548564775,38.43791654257399,3.379296987611964
4321,Residual,desc,0.55,0.3082766303567453,38.122024801898554,3.379296987611964
4321,Residual,desc,0.6000000000000001,0.30725650348826694,38.32678695008207,3.379296987611964
4321,Residual,desc,0.65,0.3010756208199816,39.567427552673124,3.379296987611964
4321,Residual,desc,0.7000000000000001,0.30411162384235074,38.95803423115498,3.379296987611964
4321,Residual,desc,0.75,0.30773737041472127,38.23026626437749,3.379296987611964
4321,Residual,desc,0.8,0.2982523801204517,40.134114744568336,3.379296987611964
4321,Residual,desc,0.8500000000000001,0.27669768449012777,44.46062149297917,3.379296987611964
4321,Residual,desc,0.9,0.2811212838230979,43.572706734422525,3.379296987611964
4321,Residual,desc,0.9500000000000001,0.2994400506649516,39.895722854754844,3.379296987611964
4321,Failure,desc,0.0,0.4982009016452172,0.0,3.379296987611964
4321,Failure,desc,0.05,0.43344529630165757,12.997890033863065,3.379296987611964
4321,Failure,desc,0.1,0.408781322363998,17.948498082987687,3.379296987611964
4321,Failure,desc,0.15000000000000002,0.39324177128465704,21.067631554650312,3.379296987611964
4321,Failure,desc,0.2,0.3807862017022023,23.56774135800926,3.379296987611964
4321,Failure,desc,0.25,0.3637683322394858,26.983606204202452,3.379296987611964
4321,Failure,desc,0.30000000000000004,0.3247123434363175,34.823011687852336,3.379296987611964
4321,Failure,desc,0.35000000000000003,0.2580777995432549,48.198046472617726,3.379296987611964
4321,Failure,desc,0.4,0.16582537091985852,66.71516041575785,3.379296987611964
4321,Failure,desc,0.45,0.06830794063579444,86.28907727580982,3.379296987611964
4321,Failure,desc,0.5,0.05037538389526003,89.88854019956517,3.379296987611964
4321,Failure,desc,0.55,0.0402291837029919,91.92510821033395,3.379296987611964
4321,Failure,desc,0.6000000000000001,0.032213362952763426,93.5340616915014,3.379296987611964
4321,Failure,desc,0.65,0.028393841765850778,94.30072453259612,3.379296987611964
4321,Failure,desc,0.7000000000000001,0.0265673383260918,94.66734439091579,3.379296987611964
4321,Failure,desc,0.75,0.026297065281371736,94.7215942013492,3.379296987611964
4321,Failure,desc,0.8,0.026298751086099373,94.72125582285128,3.379296987611964
4321,Failure,desc,0.8500000000000001,0.026144553797500285,94.7522066477273,3.379296987611964
4321,Failure,desc,0.9,0.0259753996756087,94.78615964165668,3.379296987611964
4321,Failure,desc,0.9500000000000001,0.03125103471863449,93.72722236843939,3.379296987611964
12345,Residual,asc,0.0,0.3811775366111605,0.0,1.6757013238895657
12345,Residual,asc,0.05,0.38554789375286075,-1.1465411053743335,1.6757013238895657
12345,Residual,asc,0.1,0.3893705085886137,-2.14938478544471,1.6757013238895657
12345,Residual,asc,0.15000000000000002,0.39406146727896174,-3.3800340865689984,1.6757013238895657
12345,Residual,asc,0.2,0.40034272807766846,-5.027891107355152,1.6757013238895657
12345,Residual,asc,0.25,0.40561216836928843,-6.410302132534563,1.6757013238895657
12345,Residual,asc,0.30000000000000004,0.4107993009658322,-7.771120149949685,1.6757013238895657
12345,Residual,asc,0.35000000000000003,0.41779479529630426,-9.606352727573517,1.6757013238895657
12345,Residual,asc,0.4,0.4255828407911504,-11.649507097079484,1.6757013238895657
12345,Residual,asc,0.45,0.43316828402086777,-13.639509786418259,1.6757013238895657
12345,Residual,asc,0.5,0.4420953085202973,-15.981469540603884,1.6757013238895657
12345,Residual,asc,0.55,0.4512384640122694,-18.380130168210336,1.6757013238895657
12345,Residual,asc,0.6000000000000001,0.4615940682327792,-21.096870591210017,1.6757013238895657
12345,Residual,asc,0.65,0.4723616600905884,-23.921693888390095,1.6757013238895657
12345,Residual,asc,0.7000000000000001,0.4841306221172208,-27.00922158775658,1.6757013238895657
12345,Residual,asc,0.75,0.4988165688468099,-30.862005479523596,1.6757013238895657
12345,Residual,asc,0.8,0.5195300015054989,-36.29606983778581,1.6757013238895657
12345,Residual,asc,0.8500000000000001,0.5568025699555139,-46.07433976979306,1.6757013238895657
12345,Residual,asc,0.9,0.6333266225507672,-66.15003816366655,1.6757013238895657
12345,Residual,asc,0.9500000000000001,0.799909313993562,-109.85216524171784,1.6757013238895657
12345,Failure,asc,0.0,0.3811775366111605,0.0,1.6757013238895657
12345,Failure,asc,0.05,0.3818152629152484,-0.1673042723759642,1.6757013238895657
12345,Failure,asc,0.1,0.38308306107189666,-0.4999047104604147,1.6757013238895657
12345,Failure,asc,0.15000000000000002,0.3859657964316292,-1.2561757607855095,1.6757013238895657
12345,Failure,asc,0.2,0.39098895711715337,-2.573976576169941,1.6757013238895657
12345,Failure,asc,0.25,0.39526533664759494,-3.695863130257181,1.6757013238895657
12345,Failure,asc,0.30000000000000004,0.3999885453196198,-4.934973051061095,1.6757013238895657
12345,Failure,asc,0.35000000000000003,0.4052542641069177,-6.316407758392625,1.6757013238895657
12345,Failure,asc,0.4,0.41083574381891697,-7.780680748249556,1.6757013238895657
12345,Failure,asc,0.45,0.4173622262922299,-9.492870435851902,1.6757013238895657
12345,Failure,asc,0.5,0.42577239968802555,-11.699236915515383,1.6757013238895657
12345,Failure,asc,0.55,0.43672183402480325,-14.571765667897562,1.6757013238895657
12345,Failure,asc,0.6000000000000001,0.45124514080921174,-18.381881792139097,1.6757013238895657
12345,Failure,asc,0.65,0.47324328277051886,-24.152983142150557,1.6757013238895657
12345,Failure,asc,0.7000000000000001,0.5028722002351537,-31.925979874342385,1.6757013238895657
12345,Failure,asc,0.75,0.5379278349610815,-41.122648449722824,1.6757013238895657
12345,Failure,asc,0.8,0.5842571994651494,-53.276923047317624,1.6757013238895657
12345,Failure,asc,0.8500000000000001,0.6414925080194938,-68.29231694046042,1.6757013238895657
12345,Failure,asc,0.9,0.7238899079574758,-89.90885832181566,1.6757013238895657
12345,Failure,asc,0.9500000000000001,0.8573047443331814,-124.90956627586338,1.6757013238895657
12345,Residual,desc,0.0,0.38117753661116066,0.0,1.6757013238895657
12345,Residual,desc,0.05,0.303792847502701,20.3014820328722,1.6757013238895657
12345,Residual,desc,0.1,0.2808596487824009,26.31789079719409,1.6757013238895657
12345,Residual,desc,0.15000000000000002,0.26684360404710644,29.99492928689717,1.6757013238895657
12345,Residual,desc,0.2,0.2538779313224474,33.39640798890298,1.6757013238895657
12345,Residual,desc,0.25,0.24174399847800507,36.57968393751172,1.6757013238895657
12345,Residual,desc,0.30000000000000004,0.23021917755036966,39.60316245361113,1.6757013238895657
12345,Residual,desc,0.35000000000000003,0.22039829469600442,42.17962142904743,1.6757013238895657
12345,Residual,desc,0.4,0.21276926239928945,44.181059489784296,1.6757013238895657
12345,Residual,desc,0.45,0.2068147023268842,45.743208226392426,1.6757013238895657
12345,Residual,desc,0.5,0.2025036910322324,46.874180248767786,1.6757013238895657
12345,Residual,desc,0.55,0.20182672822255682,47.051778020056744,1.6757013238895657
12345,Residual,desc,0.6000000000000001,0.19788418969961485,48.08608307328546,1.6757013238895657
12345,Residual,desc,0.65,0.20237390131512853,46.90822992500468,1.6757013238895657
12345,Residual,desc,0.7000000000000001,0.20558986784489403,46.06453736159791,1.6757013238895657
12345,Residual,desc,0.75,0.19884926263633138,47.8329010664714,1.6757013238895657
12345,Residual,desc,0.8,0.19720381904864426,48.264574874512626,1.6757013238895657
12345,Residual,desc,0.8500000000000001,0.2157933689033828,43.38770043432184,1.6757013238895657
12345,Residual,desc,0.9,0.21694170339730406,43.0864406843034,1.6757013238895657
12345,Residual,desc,0.9500000000000001,0.19672780226344228,48.3894554719985,1.6757013238895657
12345,Failure,desc,0.0,0.3811775366111604,0.0,1.6757013238895657
12345,Failure,desc,0.05,0.28916626613762286,24.13869172133255,1.6757013238895657
12345,Failure,desc,0.1,0.24883119385373484,34.720394054183785,1.6757013238895657
12345,Failure,desc,0.15000000000000002,0.21709174636030115,43.04707767138002,1.6757013238895657
12345,Failure,desc,0.2,0.1735478609301861,54.47059591362478,1.6757013238895657
12345,Failure,desc,0.25,0.12692254519756527,66.70251182009208,1.6757013238895657
12345,Failure,desc,0.30000000000000004,0.08306668604007635,78.20787479278644,1.6757013238895657
12345,Failure,desc,0.35000000000000003,0.05991331905073018,84.28204358961273,1.6757013238895657
12345,Failure,desc,0.4,0.03826573173090086,89.96117870137354,1.6757013238895657
12345,Failure,desc,0.45,0.03258052576169828,91.45266375050487,1.6757013238895657
12345,Failure,desc,0.5,0.03097330487602459,91.87431002587635,1.6757013238895657
12345,Failure,desc,0.55,0.029436778084119777,92.27741006308348,1.6757013238895657
12345,Failure,desc,0.6000000000000001,0.027308167045325467,92.83584040966649,1.6757013238895657
12345,Failure,desc,0.65,0.0264387282580493,93.06393328077476,1.6757013238895657
12345,Failure,desc,0.7000000000000001,0.02621825425667971,93.12177352060885,1.6757013238895657
12345,Failure,desc,0.75,0.026353969690887175,93.08616926244243,1.6757013238895657
12345,Failure,desc,0.8,0.026311171627761098,93.0973971179731,1.6757013238895657
12345,Failure,desc,0.8500000000000001,0.02588508784160922,93.20917804555346,1.6757013238895657
12345,Failure,desc,0.9,0.030390722941827382,92.02714745154854,1.6757013238895657
12345,Failure,desc,0.9500000000000001,0.028904511043200923,92.41704763082971,1.6757013238895657
54321,Residual,asc,0.0,0.7089475373238587,0.0,2.635570083941572
54321,Residual,asc,0.05,0.7117218643605244,-0.391330372221652,2.635570083941572
54321,Residual,asc,0.1,0.713691172770882,-0.6691095175997919,2.635570083941572
54321,Residual,asc,0.15000000000000002,0.7131043101578486,-0.5863301041542333,2.635570083941572
54321,Residual,asc,0.2,0.7134372271205248,-0.6332894269742166,2.635570083941572
54321,Residual,asc,0.25,0.7148405633087149,-0.8312358354612864,2.635570083941572
54321,Residual,asc,0.30000000000000004,0.7163411016628439,-1.04289301390262,2.635570083941572
54321,Residual,asc,0.35000000000000003,0.7211689272760896,-1.7238779047550237,2.635570083941572
54321,Residual,asc,0.4,0.7253210372102288,-2.3095502874834537,2.635570083941572
54321,Residual,asc,0.45,0.7360043737435796,-3.816479357817544,2.635570083941572
54321,Residual,asc,0.5,0.7438994705868666,-4.93011561827899,2.635570083941572
54321,Residual,asc,0.55,0.7533828726717396,-6.2677889418469235,2.635570083941572
54321,Residual,asc,0.6000000000000001,0.7679231255510413,-8.31875211102419,2.635570083941572
54321,Residual,asc,0.65,0.7836397347856363,-10.535645238817857,2.635570083941572
54321,Residual,asc,0.7000000000000001,0.7986812358667563,-12.657311552505723,2.635570083941572
54321,Residual,asc,0.75,0.807983184894693,-13.969390167384585,2.635570083941572
54321,Residual,asc,0.8,0.7922113731493297,-11.744710495754871,2.635570083941572
54321,Residual,asc,0.8500000000000001,0.7537214858644874,-6.315551741619943,2.635570083941572
54321,Residual,asc,0.9,0.7734633864907047,-9.100228969040632,2.635570083941572
54321,Residual,asc,0.9500000000000001,0.8868065384576928,-25.087752163611103,2.635570083941572
54321,Failure,asc,0.0,0.7089475373238591,0.0,2.635570083941572
54321,Failure,asc,0.05,0.7097131962498062,-0.1079993773357857,2.635570083941572
54321,Failure,asc,0.1,0.7124948459051246,-0.5003626353870861,2.635570083941572
54321,Failure,asc,0.15000000000000002,0.7179490963421806,-1.269707354129576,2.635570083941572
54321,Failure,asc,0.2,0.7271586588616246,-2.568754467574425,2.635570083941572
54321,Failure,asc,0.25,0.7373819921270364,-4.010798162937685,2.635570083941572
54321,Failure,asc,0.30000000000000004,0.746382472369276,-5.280353351212227,2.635570083941572
54321,Failure,asc,0.35000000000000003,0.7567070064337761,-6.736671840373387,2.635570083941572
54321,Failure,asc,0.4,0.7662522937465956,-8.083074332841473,2.635570083941572
54321,Failure,asc,0.45,0.7755971913363936,-9.401211021075577,2.635570083941572
54321,Failure,asc,0.5,0.7889099720076166,-11.2790341279131,2.635570083941572
54321,Failure,asc,0.55,0.8102581623137913,-14.290285198304014,2.635570083941572
54321,Failure,asc,0.6000000000000001,0.8363962209268241,-17.97716712354476,2.635570083941572
54321,Failure,asc,0.65,0.8709796026213596,-22.85529700958417,2.635570083941572
54321,Failure,asc,0.7000000000000001,0.920604034205902,-29.85502956692756,2.635570083941572
54321,Failure,asc,0.75,0.9800921673028323,-38.24607826447811,2.635570083941572
54321,Failure,asc,0.8,1.0577740127198239,-49.20342578700785,2.635570083941572
54321,Failure,asc,0.8500000000000001,1.1845616501106904,-67.08734959178831,2.635570083941572
54321,Failure,asc,0.9,1.3976501534521117,-97.14436962824821,2.635570083941572
54321,Failure,asc,0.9500000000000001,1.7505222608656592,-146.91844864481013,2.635570083941572
54321,Residual,desc,0.0,0.7089475373238588,0.0,2.635570083941572
54321,Residual,desc,0.05,0.6874997628771433,3.0252978277739375,2.635570083941572
54321,Residual,desc,0.1,0.6926558952519437,2.298003902152332,2.635570083941572
54321,Residual,desc,0.15000000000000002,0.6908854052551776,2.54773888302967,2.635570083941572
54321,Residual,desc,0.2,0.6631710277466368,6.456967147388588,2.635570083941572
54321,Residual,desc,0.25,0.6416344126459032,9.494796319068946,2.635570083941572
54321,Residual,desc,0.30000000000000004,0.6364741578629325,10.222671727515902,2.635570083941572
54321,Residual,desc,0.35000000000000003,0.6378420538570392,10.029724305867434,2.635570083941572
54321,Residual,desc,0.4,0.6433536559476166,9.252289897761203,2.635570083941572
54321,Residual,desc,0.45,0.651379607831624,8.120195989331283,2.635570083941572
54321,Residual,desc,0.5,0.6558592238682863,7.488327508121509,2.635570083941572
54321,Residual,desc,0.55,0.6608286252945365,6.787372759761895,2.635570083941572
54321,Residual,desc,0.6000000000000001,0.6746942013674514,4.831575561388821,2.635570083941572
54321,Residual,desc,0.65,0.6779351208806383,4.374430378908775,2.635570083941572
54321,Residual,desc,0.7000000000000001,0.6859841912100276,3.2390755175641703,2.635570083941572
54321,Residual,desc,0.75,0.6858368922616643,3.2598526471271443,2.635570083941572
54321,Residual,desc,0.8,0.6858442407669523,3.258816109879878,2.635570083941572
54321,Residual,desc,0.8500000000000001,0.6795032901648536,4.15323357637318,2.635570083941572
54321,Residual,desc,0.9,0.65701233059,7.325677007060964,2.635570083941572
54321,Residual,desc,0.9500000000000001,0.645532065097279,8.94501622305666,2.635570083941572
54321,Failure,desc,0.0,0.7089475373238592,0.0,2.635570083941572
54321,Failure,desc,0.05,0.5294357347580574,25.320886682733164,2.635570083941572
54321,Failure,desc,0.1,0.4492029405043899,36.63805615292145,2.635570083941572
54321,Failure,desc,0.15000000000000002,0.4008944583972379,43.45216856094352,2.635570083941572
54321,Failure,desc,0.2,0.34671067856403104,51.09501615975742,2.635570083941572
54321,Failure,desc,0.25,0.2999209027347877,57.694908728094106,2.635570083941572
54321,Failure,desc,0.30000000000000004,0.2569475096317389,63.756484633310606,2.635570083941572
54321,Failure,desc,0.35000000000000003,0.22441554026793376,68.34525427437701,2.635570083941572
54321,Failure,desc,0.4,0.1789077112971137,74.76432290427921,2.635570083941572
54321,Failure,desc,0.45,0.12164399737619526,82.84160802146545,2.635570083941572
54321,Failure,desc,0.5,0.0707189626413243,90.02479606484356,2.635570083941572
54321,Failure,desc,0.55,0.0444044402143304,93.73656894529196,2.635570083941572
54321,Failure,desc,0.6000000000000001,0.031995804615731795,95.48685862757775,2.635570083941572
54321,Failure,desc,0.65,0.02106026528902525,97.02936195130549,2.635570083941572
54321,Failure,desc,0.7000000000000001,0.018962649200202016,97.32523942860676,2.635570083941572
54321,Failure,desc,0.75,0.017886377797941184,97.47705198815432,2.635570083941572
54321,Failure,desc,0.8,0.018195454406016543,97.43345544654815,2.635570083941572
54321,Failure,desc,0.8500000000000001,0.022309016509802132,96.8532203956848,2.635570083941572
54321,Failure,desc,0.9,0.02756805269806108,96.1114114590023,2.635570083941572
54321,Failure,desc,0.9500000000000001,0.036565143138637395,94.84233441635699,2.635570083941572
